domain,content-security-policy,contribute,cookies,cross-origin-resource-sharing,public-key-pinning,redirection,referrer-policy,strict-transport-security,subresource-integrity,x-content-type-options,x-frame-options,x-xss-protection
amtrakoig.gov,0,1,1,1,1,1,1,1,0,1,1,0
acus.gov,0,1,1,1,1,1,1,1,0,0,0,0
achp.gov,0,0,1,1,1,0,1,0,0,0,1,0
preserveamerica.gov,0,0,1,1,1,0,1,0,0,0,1,0
abmc.gov,0,1,1,1,1,1,1,0,0,1,1,0
arc.gov,0,1,1,1,1,1,1,0,0,0,1,0
asc.gov,0,1,1,1,1,0,1,0,1,0,0,0
goldwaterscholarship.gov,0,1,1,1,1,1,1,1,1,1,0,0
cia.gov,0,1,1,1,1,0,1,0,1,0,0,0
nctc.gov,0,1,1,1,1,0,1,0,0,0,0,1
odci.gov,2,2,2,2,2,2,2,2,2,2,2,2
opensource.gov,2,2,2,2,2,2,2,2,2,2,2,2
csb.gov,0,0,1,0,1,0,1,0,0,0,1,0
safetyvideos.gov,0,0,1,0,1,0,1,0,0,0,1,0
cap.gov,0,1,1,1,1,1,1,1,0,1,1,1
capnhq.gov,0,1,1,1,1,1,1,1,0,1,1,1
cftc.gov,0,1,1,1,1,1,1,1,0,1,1,0
smartcheck.gov,0,1,1,1,1,1,1,1,0,1,1,0
whistleblower.gov,0,1,1,1,1,1,1,1,0,1,1,0
bcfp.gov,0,1,1,1,1,1,1,1,1,0,0,0
cfpa.gov,0,1,1,1,1,1,1,1,1,0,0,0
cfpb.gov,0,1,1,1,1,1,1,1,1,0,0,0
consumerbureau.gov,0,1,1,1,1,1,1,1,1,0,0,0
consumerfinance.gov,0,1,1,1,1,1,1,1,1,0,0,0
consumerfinancial.gov,0,1,1,1,1,1,1,1,1,0,0,0
consumerfinancialbureau.gov,0,1,1,1,1,0,1,0,1,0,0,0
consumerfinancialprotectionbureau.gov,0,1,1,1,1,1,1,1,1,0,0,0
consumerprotection.gov,0,1,1,1,1,1,1,1,1,0,0,0
consumerprotectionbureau.gov,0,1,1,1,1,1,1,1,1,0,0,0
mimm.gov,0,1,1,1,1,1,1,1,0,0,0,0
anchorit.gov,0,0,1,1,1,1,1,1,0,0,1,0
atvsafety.gov,0,0,1,1,1,1,1,1,0,1,1,0
cpsc.gov,0,1,1,1,1,1,1,1,0,1,1,0
drywallresponse.gov,0,1,1,1,1,1,1,1,0,1,1,0
poolsafely.gov,0,0,1,1,1,1,1,1,0,0,1,0
poolsafety.gov,0,0,1,1,1,1,1,1,0,0,1,0
recalls.gov,0,0,1,1,1,1,1,1,1,0,1,0
saferproduct.gov,0,0,1,1,1,1,1,1,0,0,1,0
saferproducts.gov,0,0,1,1,1,1,1,1,0,0,1,0
seguridadconsumidor.gov,0,1,1,1,1,1,1,1,0,1,1,0
americorps.gov,0,1,1,1,1,1,1,1,0,1,1,0
joinamericorps.gov,0,1,1,1,1,1,1,1,0,1,1,0
mentor.gov,0,1,1,1,1,1,1,1,0,1,1,0
mlkday.gov,0,1,1,1,1,1,1,1,0,1,1,0
nationalservice.gov,0,1,1,1,1,0,1,1,0,1,1,0
presidentialserviceawards.gov,0,0,1,1,1,1,1,1,0,1,1,1
serve.gov,0,1,1,1,1,1,1,1,0,1,1,0
vistacampus.gov,0,1,1,1,1,0,1,1,0,1,1,0
volunteeringinamerica.gov,0,1,1,1,1,0,1,1,0,1,1,0
americorpsoig.gov,0,0,1,1,1,1,1,1,0,0,0,1
cncsoig.gov,0,1,1,1,1,0,1,0,1,0,0,0
ignet.gov,0,0,1,1,1,1,1,1,0,0,0,1
oversight.gov,0,0,1,1,1,0,1,1,0,1,1,1
pandemicoversight.gov,0,1,1,1,1,1,1,1,0,1,1,0
csosa.gov,0,1,1,1,1,1,1,1,1,0,0,0
pretrialservices.gov,0,1,1,1,1,1,1,1,0,1,1,0
psa.gov,0,1,1,1,1,1,1,1,0,1,1,0
dra.gov,0,0,1,1,1,0,1,0,0,0,0,0
denali.gov,0,1,1,1,1,1,1,1,0,1,0,1
2020census.gov,0,1,1,1,1,0,1,0,1,0,0,0
ap.gov,0,1,1,1,1,0,1,0,1,0,0,0
aviationweather.gov,0,0,1,1,1,1,1,0,0,0,1,0
bea.gov,0,1,1,1,1,1,1,1,0,1,1,1
buyusa.gov,0,0,1,1,1,1,1,1,1,0,0,0
census.gov,0,0,1,1,1,0,1,1,0,1,1,1
chips.gov,0,1,1,1,1,1,1,1,1,0,1,0
climate.gov,0,1,1,1,1,0,1,1,0,0,1,0
commerce.gov,0,1,1,1,1,1,1,1,0,1,1,1
dnsops.gov,0,1,1,1,1,1,1,0,0,0,0,0
doc.gov,0,1,1,1,1,1,1,1,0,1,1,1
drought.gov,0,1,1,1,1,1,1,1,0,0,1,1
eda.gov,0,0,1,1,1,1,1,1,0,1,1,1
export.gov,0,0,1,1,1,0,1,1,0,1,1,0
firstnet.gov,0,1,1,1,1,1,1,1,0,1,1,0
fishwatch.gov,0,1,1,1,1,0,1,1,0,0,1,0
goes-r.gov,0,1,1,1,1,0,1,1,0,0,1,0
gps.gov,0,1,1,1,1,0,1,1,0,0,0,0
heat.gov,0,1,1,1,1,1,1,0,0,1,0,0
hurricanes.gov,0,1,1,1,1,0,1,1,0,0,0,0
icams-portal.gov,0,1,1,1,1,1,1,1,0,0,0,0
internet4all.gov,0,1,1,1,1,1,1,1,0,0,1,0
internetforall.gov,0,1,1,1,1,1,1,1,0,0,1,0
luca-appeals.gov,2,2,2,2,2,2,2,2,2,2,2,2
manufacturing.gov,0,1,1,1,1,1,1,1,0,1,1,0
marinecadastre.gov,0,1,1,1,1,1,1,1,0,0,0,0
mbda.gov,0,0,1,1,1,1,1,1,0,1,1,1
mgi.gov,0,1,1,1,1,1,1,1,0,0,1,0
my2020census.gov,0,1,1,1,1,1,1,0,1,0,0,0
nehrp.gov,0,1,1,1,1,1,1,1,0,1,1,1
nist.gov,0,1,1,1,1,0,1,1,1,0,1,0
noaa.gov,0,1,1,1,1,0,1,1,0,0,1,0
ntia.gov,0,1,1,1,1,1,1,1,0,1,1,0
ntis.gov,2,2,2,2,2,2,2,2,2,2,2,2
papahanaumokuakea.gov,0,1,1,1,1,1,1,1,1,1,1,1
privacyshield.gov,0,0,1,1,1,0,1,0,0,0,1,0
pscr.gov,0,1,1,1,1,1,1,1,1,0,1,0
selectusa.gov,0,1,1,1,1,0,1,1,0,1,1,0
semiconductors.gov,0,1,1,1,1,1,1,1,1,0,1,0
spaceweather.gov,0,1,1,1,1,0,1,1,0,1,1,0
spectrum.gov,0,1,1,1,1,1,1,1,0,1,1,0
standards.gov,0,1,1,1,1,1,1,1,1,0,1,0
stopfakes.gov,0,0,1,1,1,0,1,0,0,0,1,0
sworm.gov,0,1,1,1,1,0,1,1,0,0,0,0
tasefiling.gov,0,1,1,1,1,1,1,1,1,0,0,0
time.gov,0,1,1,1,1,1,1,1,0,1,1,1
trade.gov,0,1,1,1,1,1,1,1,0,1,1,0
tsunami.gov,0,1,1,1,1,1,1,1,1,1,1,1
usicecenter.gov,0,1,1,1,1,1,1,1,0,0,0,0
uspto.gov,0,1,1,1,1,1,1,1,1,1,1,0
weather.gov,0,1,1,0,1,1,1,1,1,0,0,0
xd.gov,2,2,2,2,2,2,2,2,2,2,2,2
adlnet.gov,0,1,1,1,1,1,1,1,0,1,1,1
altusandc.gov,2,2,2,2,2,2,2,2,2,2,2,2
cmts.gov,0,1,1,1,1,0,1,0,0,0,0,0
ctoc.gov,0,1,1,1,1,0,1,0,1,0,0,0
cttso.gov,0,1,1,1,1,1,1,1,1,0,1,0
defense.gov,0,1,1,1,1,0,1,0,1,0,0,0
fehrm.gov,0,1,1,1,1,1,1,1,1,0,0,0
fvap.gov,0,0,1,1,1,1,1,1,0,0,0,0
hive.gov,0,1,1,1,1,1,1,1,0,1,1,1
iad.gov,0,0,1,1,1,1,1,0,1,0,0,0
iwtsd.gov,0,1,1,1,1,1,1,1,1,0,1,0
nationalresourcedirectory.gov,0,1,1,1,1,1,1,1,0,0,0,0
nbib.gov,0,0,1,1,1,1,1,1,0,1,1,1
nrd.gov,0,1,1,1,1,1,1,1,0,0,0,0
nsa.gov,0,1,1,1,1,0,1,1,0,1,1,1
nsep.gov,0,0,1,1,1,0,1,0,0,1,0,1
oea.gov,2,2,2,2,2,2,2,2,2,2,2,2
oldcc.gov,0,1,1,1,1,1,1,1,1,0,1,0
tak.gov,1,1,1,1,1,1,1,0,0,1,1,1
tswg.gov,0,1,1,1,1,1,1,0,0,0,1,0
budgetlob.gov,0,1,1,1,1,1,1,1,1,0,1,0
childstats.gov,0,0,1,1,1,1,1,1,0,0,1,1
collegenavigator.gov,0,0,1,1,1,1,1,1,1,0,1,1
ed.gov,0,0,1,1,1,0,1,1,0,0,1,1
fafsa.gov,0,0,1,1,1,0,1,1,1,0,0,0
g5.gov,0,0,1,1,1,1,1,0,1,1,1,1
nagb.gov,0,1,1,1,1,1,1,1,0,1,1,1
nationsreportcard.gov,0,0,1,1,1,1,1,1,0,0,1,1
studentaid.gov,0,0,1,1,1,1,1,1,1,0,0,0
studentloans.gov,0,0,1,1,1,1,1,1,1,0,0,0
arm.gov,0,0,1,1,1,1,1,1,0,0,0,0
biomassboard.gov,0,1,1,1,1,1,1,1,1,0,1,0
bnl.gov,0,1,1,1,1,1,1,0,1,0,0,0
bpa.gov,0,1,1,1,1,1,1,1,1,0,1,1
buildingamerica.gov,2,2,2,2,2,2,2,2,2,2,2,2
casl.gov,0,1,1,1,1,1,1,1,1,1,0,1
cendi.gov,0,1,1,1,1,0,1,1,1,0,1,0
doeal.gov,2,2,2,2,2,2,2,2,2,2,2,2
driveelectric.gov,0,1,1,1,1,1,1,1,0,1,1,1
eia.gov,0,0,1,1,1,0,1,1,0,0,0,0
energy.gov,0,1,1,1,1,0,1,1,0,1,1,1
energycodes.gov,0,1,1,1,1,1,1,1,0,1,1,0
energycommunities.gov,0,1,1,1,1,1,1,1,0,0,0,0
energysaver.gov,0,1,1,1,1,1,1,1,0,1,1,1
energysavers.gov,0,1,1,1,1,0,1,1,0,1,1,1
fnal.gov,0,1,1,1,1,1,1,1,0,0,1,0
fueleconomy.gov,0,1,1,1,1,1,1,1,0,0,0,1
hanford.gov,0,1,1,1,1,1,1,1,1,1,1,1
homeenergyscore.gov,0,1,1,1,1,0,1,0,0,0,1,0
hydrogen.gov,0,1,1,1,0,0,1,1,0,1,1,1
inl.gov,0,1,1,1,1,1,1,1,0,1,1,0
isotope.gov,0,1,1,1,1,0,1,1,1,0,0,0
isotopes.gov,0,1,1,1,1,1,1,1,0,1,1,0
lanl.gov,0,0,1,1,1,1,1,1,1,0,0,0
lbl.gov,0,1,1,1,1,0,1,1,1,0,0,0
llnl.gov,0,1,1,1,1,0,1,1,1,1,1,0
nccs.gov,0,0,1,1,1,0,1,0,0,0,0,0
ncrc.gov,0,1,1,1,1,0,1,0,1,0,0,0
nersc.gov,0,0,1,1,1,0,1,1,0,0,0,0
neup.gov,0,1,1,1,1,1,1,1,1,1,1,0
nrel.gov,0,0,1,1,0,1,1,1,0,1,1,1
nuclear.gov,0,1,1,1,1,0,1,0,1,1,1,1
orau.gov,0,1,1,1,1,1,1,1,1,0,0,0
ornl.gov,0,1,1,1,1,0,1,0,0,1,1,0
osti.gov,0,1,1,1,1,1,1,1,1,0,1,0
pnl.gov,0,1,1,1,1,1,1,1,0,1,1,1
pnnl.gov,0,1,1,1,1,1,1,1,0,1,1,1
pppl.gov,2,2,2,2,2,2,2,2,2,2,2,2
salmonrecovery.gov,0,0,1,1,1,1,1,1,0,0,1,1
sandia.gov,1,0,1,1,1,1,1,1,1,1,0,1
scidac.gov,1,1,1,1,1,1,1,1,1,1,1,1
science.gov,0,1,1,1,1,1,1,1,0,0,1,0
smartgrid.gov,1,1,1,1,1,1,1,1,0,0,1,0
sns.gov,0,1,1,1,1,1,1,0,0,0,1,0
swpa.gov,0,1,1,1,1,0,1,1,0,1,1,1
unrpnet.gov,2,2,2,2,2,2,2,2,2,2,2,2
wapa.gov,0,1,1,1,1,1,1,1,1,0,0,0
988.gov,0,1,1,1,1,0,1,0,0,1,0,1
acf.gov,2,2,2,2,2,2,2,2,2,2,2,2
acl.gov,0,1,1,1,1,1,1,1,0,1,1,1
afterschool.gov,2,2,2,2,2,2,2,2,2,2,2,2
aging.gov,0,1,1,1,1,1,1,1,0,0,1,0
agingstats.gov,0,1,1,1,1,1,1,1,0,0,1,1
ahcpr.gov,0,1,1,1,1,1,1,1,0,0,0,0
ahrq.gov,0,1,1,1,1,1,1,1,0,0,0,0
aids.gov,0,1,1,1,1,1,1,1,1,1,1,1
alzheimers.gov,0,1,1,1,1,0,1,1,0,1,1,1
aoa.gov,0,1,1,1,1,1,1,1,0,1,1,1
betobaccofree.gov,0,1,1,1,1,1,1,1,0,0,1,1
bioethics.gov,2,2,2,2,2,2,2,2,2,2,2,2
brain.gov,0,1,1,1,1,0,1,1,0,0,1,1
cancer.gov,0,1,1,1,1,1,1,1,0,1,1,0
cdc.gov,0,0,1,1,1,1,1,1,1,0,0,0
childcare.gov,0,1,1,1,1,1,1,1,0,1,1,0
childwelfare.gov,0,1,1,1,1,1,1,1,0,1,1,1
clinicaltrials.gov,0,1,1,1,1,1,0,1,0,0,0,1
cms.gov,0,0,1,1,1,0,1,1,0,1,1,1
collegedrinkingprevention.gov,0,1,1,1,1,1,1,1,1,1,1,0
coronavirus.gov,0,0,1,1,1,1,1,1,1,0,0,0
covid.gov,0,1,1,1,1,1,1,1,1,0,0,0
covidtest.gov,0,1,1,1,1,1,1,1,1,0,0,0
covidtests.gov,0,1,1,1,1,1,1,1,1,0,0,0
cuidadodesalud.gov,0,0,1,1,1,1,1,1,0,0,1,1
dhhs.gov,0,1,1,1,1,1,1,1,0,0,1,0
diabetescommittee.gov,0,0,1,1,1,1,1,1,1,0,0,0
docline.gov,0,1,1,1,1,1,1,1,1,1,0,0
donaciondeorganos.gov,0,1,1,1,1,1,1,1,0,0,1,1
drugabuse.gov,0,1,1,1,1,1,1,1,0,0,1,0
edison.gov,0,1,1,1,1,1,1,1,1,0,1,0
eldercare.gov,0,1,1,1,1,0,1,1,0,0,0,0
everytrycounts.gov,0,1,1,1,1,1,1,1,0,0,0,0
fatherhood.gov,0,0,1,1,1,1,1,1,0,0,1,0
fda.gov,0,0,1,1,1,1,1,1,0,1,1,0
findtreatment.gov,0,1,1,1,1,1,1,1,0,1,1,1
fitness.gov,0,0,1,1,1,1,1,1,1,0,1,1
foodsafety.gov,0,1,1,1,1,1,1,1,0,0,1,1
freshempire.gov,2,2,2,2,2,2,2,2,2,2,2,2
genome.gov,0,1,1,1,1,1,1,1,0,1,1,1
girlshealth.gov,0,1,1,1,1,1,1,1,1,0,0,0
globalhealth.gov,0,1,1,1,1,1,1,1,0,0,1,0
grants.gov,0,1,1,1,1,0,1,1,0,1,1,1
grantsolutions.gov,0,1,1,1,1,1,1,1,1,1,1,1
guideline.gov,0,1,1,1,1,1,1,1,0,0,0,0
guidelines.gov,0,1,1,1,1,1,1,1,0,0,0,0
hc.gov,0,0,1,1,1,0,1,0,0,0,1,1
health.gov,0,0,1,1,1,1,1,1,1,0,1,1
healthcare.gov,0,0,1,1,1,1,1,1,0,0,1,1
healthdata.gov,0,1,1,1,1,1,1,1,0,1,1,1
healthfinder.gov,0,0,1,1,1,1,1,1,1,0,1,1
healthit.gov,0,1,1,1,1,1,1,1,0,1,1,0
healthypeople.gov,0,0,1,1,1,1,1,1,1,0,1,1
hearttruth.gov,0,1,1,1,1,1,1,1,0,0,1,0
hhs.gov,0,1,1,1,1,1,1,1,0,0,1,0
hhsoig.gov,2,2,2,2,2,2,2,2,2,2,2,2
hhsops.gov,2,2,2,2,2,2,2,2,2,2,2,2
hiv.gov,0,1,1,1,1,1,1,1,1,1,1,1
hrsa.gov,0,0,1,1,1,1,1,1,0,1,1,0
idealab.gov,0,1,1,1,1,0,1,1,0,0,1,0
iedison.gov,0,1,1,1,1,1,1,1,1,0,1,0
ihs.gov,2,2,2,2,2,2,2,2,2,2,2,2
insurekidsnow.gov,0,0,1,1,1,1,1,1,0,1,1,1
longtermcare.gov,0,1,1,1,1,1,1,1,0,1,1,1
medicaid.gov,0,0,1,1,1,1,1,1,0,1,1,1
medicalcountermeasures.gov,0,1,1,1,1,1,1,1,0,0,1,1
medicare.gov,0,0,1,1,1,1,1,1,0,1,1,0
medlineplus.gov,0,1,1,1,1,1,1,1,0,1,1,1
mentalhealth.gov,0,1,1,1,1,0,1,1,1,0,1,0
mesh.gov,0,1,1,1,1,1,1,1,1,1,1,1
mymedicare.gov,0,0,1,1,1,1,1,1,0,0,1,0
ncifcrf.gov,0,1,1,1,1,1,1,1,0,0,1,0
nextlegends.gov,0,1,1,1,1,1,1,1,0,0,1,0
nih.gov,2,2,2,2,2,2,2,2,2,2,2,2
nlm.gov,0,1,1,1,1,1,1,1,0,0,1,0
nnlm.gov,0,1,1,1,1,1,1,1,0,1,0,0
opioids.gov,0,1,1,1,1,1,1,1,1,0,1,0
organdonor.gov,0,1,1,1,1,1,1,1,0,0,1,1
pandemicflu.gov,0,0,1,1,1,1,1,1,1,0,0,0
phe.gov,0,0,1,1,1,0,1,1,0,1,1,0
psc.gov,0,1,1,1,1,1,1,1,0,0,1,0
pubmed.gov,0,1,1,1,1,0,0,1,1,1,1,1
recoverymonth.gov,0,1,1,1,1,0,1,1,0,0,1,0
samhsa.gov,0,1,1,1,1,1,1,1,0,0,1,0
selectagents.gov,0,1,1,1,1,1,1,1,0,0,0,0
simplereport.gov,0,1,1,1,1,1,1,1,0,0,0,0
smokefree.gov,0,1,1,1,1,1,1,1,0,0,1,0
stopalcoholabuse.gov,0,0,1,1,1,0,1,0,0,1,1,1
stopbullying.gov,0,1,1,1,1,1,1,1,0,0,1,1
surgeongeneral.gov,0,1,1,1,1,1,1,1,0,0,1,0
thebraininitiative.gov,0,1,1,1,1,0,1,1,0,0,1,1
therealcost.gov,0,1,1,1,1,1,1,1,1,0,1,0
thisfreelife.gov,0,1,1,1,1,1,1,1,0,0,1,0
tobacco.gov,0,1,1,1,1,1,1,1,0,0,1,1
tox21.gov,0,1,1,1,1,1,1,1,0,1,1,1
usphs.gov,0,1,1,1,1,1,1,1,0,1,1,1
vaccine.gov,0,0,1,1,1,1,1,1,0,1,1,0
vaccines.gov,0,0,1,1,1,1,1,1,0,1,1,0
vacine.gov,0,0,1,1,1,1,1,1,0,1,1,0
vacines.gov,0,0,1,1,1,1,1,1,0,1,1,0
vacuna.gov,0,0,1,1,1,1,1,1,0,1,1,0
vacunas.gov,0,0,1,1,1,1,1,1,0,1,1,0
whaging.gov,2,2,2,2,2,2,2,2,2,2,2,2
whitehouseconferenceonaging.gov,0,1,1,1,1,1,1,1,0,0,0,1
womenshealth.gov,0,1,1,1,1,1,1,1,0,1,0,1
youth.gov,0,0,1,1,1,1,1,1,0,0,1,1
biometrics.gov,0,0,1,1,1,1,1,1,0,0,1,0
cbp.gov,0,0,1,1,1,1,1,1,0,0,1,0
cisa.gov,0,0,1,1,1,1,1,1,0,0,1,0
cpnireporting.gov,0,0,1,1,1,1,1,1,1,1,0,0
cyber.gov,0,0,1,1,1,1,1,1,0,0,1,0
cybersecurity.gov,0,0,1,1,1,1,1,1,0,0,1,0
dhs.gov,0,0,1,1,1,1,1,1,0,0,1,0
disasterassistance.gov,0,0,1,1,1,1,1,1,0,0,1,0
dotgov.gov,0,1,1,1,1,1,1,1,0,1,1,1
e-verify.gov,0,0,1,1,1,1,1,1,0,0,1,0
everify.gov,0,0,1,1,1,1,1,1,0,0,1,0
evus.gov,0,0,1,1,1,0,1,1,0,1,1,1
fema.gov,0,0,1,1,1,1,1,1,0,0,1,0
firstrespondertraining.gov,0,1,1,1,1,0,1,1,1,1,1,1
fleta.gov,0,0,1,1,1,1,1,1,0,0,1,0
fletc.gov,0,0,1,1,1,1,1,1,0,0,1,0
floodsmart.gov,0,1,1,1,1,1,1,1,1,0,0,0
globalentry.gov,0,0,1,1,1,0,1,1,0,0,1,0
homelandsecurity.gov,0,0,1,1,1,1,1,1,0,0,1,0
ice.gov,0,0,1,1,1,1,1,1,0,0,1,1
juntos.gov,0,0,1,1,1,1,1,1,0,0,0,0
listo.gov,0,0,1,1,1,1,1,1,0,0,1,0
nic.gov,0,1,1,1,1,1,1,1,0,0,1,0
niem.gov,0,0,1,1,1,1,1,1,0,0,1,0
ready.gov,0,0,1,1,1,1,1,1,0,0,1,0
readybusiness.gov,0,0,1,1,1,1,1,1,0,0,1,0
safetyact.gov,0,0,1,1,1,1,1,1,0,0,1,0
schoolsafety.gov,0,0,1,1,1,1,1,1,0,0,1,0
secretservice.gov,0,0,1,1,1,1,1,1,0,0,1,1
stopransomware.gov,0,0,1,1,1,1,1,1,0,0,1,0
together.gov,0,0,1,1,1,1,1,1,0,0,0,0
tsa.gov,0,0,1,1,1,1,1,1,0,0,1,0
us-cert.gov,0,0,1,1,1,0,1,1,0,0,1,0
uscis.gov,0,0,1,1,1,1,1,1,0,0,1,0
usss.gov,0,0,1,1,1,1,1,1,0,0,1,1
disasterhousing.gov,2,2,2,2,2,2,2,2,2,2,2,2
fha.gov,2,2,2,2,2,2,2,2,2,2,2,2
ginniemae.gov,0,0,1,1,1,1,1,1,0,1,1,0
hud.gov,2,2,2,2,2,2,2,2,2,2,2,2
hudhomestore.gov,0,0,1,1,1,1,1,1,1,0,0,0
hudoig.gov,0,1,1,1,1,1,1,1,0,1,1,0
huduser.gov,0,0,1,1,1,1,1,1,1,1,1,1
nationalhousing.gov,2,2,2,2,2,2,2,2,2,2,2,2
nationalhousinglocator.gov,2,2,2,2,2,2,2,2,2,2,2,2
nhl.gov,2,2,2,2,2,2,2,2,2,2,2,2
nls.gov,2,2,2,2,2,2,2,2,2,2,2,2
opportunityzones.gov,2,2,2,2,2,2,2,2,2,2,2,2
ada.gov,0,0,1,1,1,1,1,1,0,1,1,1
amberalert.gov,0,1,1,1,1,1,1,1,0,1,1,1
atf.gov,0,1,1,1,1,1,1,1,1,1,1,1
atfonline.gov,0,1,1,1,1,1,1,1,1,0,0,0
bats.gov,2,2,2,2,2,2,2,2,2,2,2,2
biometriccoe.gov,0,0,1,1,1,1,1,1,0,1,0,1
bja.gov,0,1,1,1,1,1,1,1,0,1,1,1
bjs.gov,0,1,1,1,1,1,1,1,0,1,1,1
campusdrugprevention.gov,0,0,1,1,1,1,1,1,0,1,1,0
cjis.gov,2,2,2,2,2,2,2,2,2,2,2,2
crimesolutions.gov,0,1,1,1,1,1,1,1,0,1,1,1
crimevictims.gov,0,1,1,1,1,1,1,1,0,1,1,1
cybercrime.gov,0,1,1,1,1,1,1,1,0,1,1,0
dea.gov,0,0,1,1,1,0,1,1,0,1,1,0
deaecom.gov,0,1,1,1,1,0,1,0,1,0,0,0
dsac.gov,0,1,1,1,1,1,1,1,0,1,0,1
elderjustice.gov,0,0,1,1,1,1,1,1,0,1,1,0
epic.gov,0,0,1,1,1,0,1,1,0,1,1,0
fara.gov,0,0,1,1,1,1,1,1,0,1,1,0
fbi.gov,0,1,1,1,1,1,1,1,0,1,0,1
fbijobs.gov,0,1,1,1,1,1,1,1,0,1,1,1
firstfreedom.gov,0,1,1,1,1,1,1,1,0,1,1,0
foia.gov,0,0,1,1,1,1,1,1,0,0,1,0
forfeiture.gov,2,2,2,2,2,2,2,2,2,2,2,2
getsmartaboutdrugs.gov,0,0,1,1,1,0,1,1,0,1,1,0
ic3.gov,0,1,1,1,1,1,1,1,0,1,1,0
interpol.gov,0,0,1,1,1,1,1,1,0,1,1,0
iprcenter.gov,0,1,1,1,1,1,1,1,0,1,0,1
justice.gov,0,0,1,1,1,1,1,1,0,1,1,0
justthinktwice.gov,0,0,1,1,1,0,1,1,0,1,1,0
juvenilecouncil.gov,0,1,1,1,1,0,1,1,0,1,1,1
learnatf.gov,0,1,1,1,1,1,1,1,1,1,1,1
learndoj.gov,0,1,1,1,1,1,1,1,0,1,1,0
lep.gov,0,0,1,1,1,1,1,1,0,1,1,0
medalofvalor.gov,0,0,1,1,1,1,1,1,1,0,0,0
namus.gov,0,1,1,1,1,1,1,1,0,1,1,1
nationalgangcenter.gov,0,1,1,1,1,1,1,1,0,1,1,1
ncirc.gov,0,1,1,1,1,1,1,1,0,1,1,1
ncjrs.gov,0,1,1,1,1,1,1,1,0,1,1,1
nicic.gov,0,1,1,1,1,1,1,1,0,0,1,1
nicsezcheckfbi.gov,0,1,1,1,1,1,1,1,1,0,1,0
nij.gov,0,1,1,1,1,1,1,1,0,1,1,1
nmvtis.gov,0,1,1,1,1,1,1,1,0,1,1,1
nsopr.gov,0,1,1,1,1,1,1,1,0,1,1,0
nsopw.gov,0,1,1,1,1,1,1,1,0,1,1,0
nvtc.gov,0,1,1,1,1,1,1,1,0,1,0,1
ojjdp.gov,0,1,1,1,1,1,1,1,0,1,1,1
ojp.gov,0,1,1,1,1,1,1,1,0,1,1,1
ovc.gov,0,1,1,1,1,1,1,1,0,1,1,1
ovcttac.gov,0,1,1,1,1,0,1,1,0,1,1,1
projectsafechildhood.gov,0,0,1,1,1,1,1,1,0,1,1,0
projectsafeneighborhoods.gov,0,1,1,1,1,1,1,1,0,1,1,0
psob.gov,0,1,1,1,1,1,1,1,1,0,0,0
rcfl.gov,0,1,1,1,1,1,1,1,0,1,0,1
scra.gov,0,0,1,1,1,1,1,1,0,1,1,0
servicemembers.gov,0,0,1,1,1,1,1,1,0,1,1,0
smart.gov,0,1,1,1,1,1,1,1,0,1,1,1
tribaljusticeandsafety.gov,0,1,1,1,1,1,1,1,0,1,1,0
tsc.gov,0,1,1,1,1,0,1,0,1,0,0,1
unicor.gov,0,1,1,1,1,1,1,1,1,0,0,0
usdoj.gov,0,1,1,1,1,1,1,1,0,1,1,0
userra.gov,0,0,1,1,1,1,1,1,0,1,1,0
usmarshals.gov,0,1,1,1,1,0,1,1,0,1,1,1
vcf.gov,0,0,1,1,1,1,1,1,0,1,1,0
vehiclehistory.gov,0,1,1,1,1,1,1,1,0,1,1,1
apprenticeship.gov,0,1,1,1,1,1,1,1,0,1,1,0
apprenticeships.gov,0,1,1,1,1,1,1,1,0,1,1,0
benefits.gov,0,1,1,1,1,1,1,1,0,1,1,1
bls.gov,0,1,1,1,1,1,1,1,0,0,1,1
disability.gov,0,0,1,1,1,1,1,1,0,1,1,0
dol.gov,0,1,1,1,1,1,1,1,0,1,1,0
doleta.gov,0,1,1,1,1,1,1,1,0,1,1,0
employer.gov,0,0,1,1,1,1,1,1,0,0,1,0
goodjobs.gov,0,0,1,1,1,0,1,1,0,1,1,0
govloans.gov,0,1,1,1,1,1,1,1,0,0,1,0
hirevets.gov,0,1,1,1,1,1,1,1,0,1,1,0
jobcorps.gov,0,1,1,1,1,1,1,0,1,0,0,0
msha.gov,0,1,1,1,1,1,1,1,0,1,1,1
osha.gov,0,1,1,1,1,1,1,1,0,1,1,1
trainingproviderresults.gov,0,1,1,1,1,1,1,1,0,0,0,0
ui.gov,0,0,1,1,1,1,1,1,0,1,1,0
unemployment.gov,0,0,1,1,1,1,1,1,0,1,1,0
unionreports.gov,0,1,1,1,1,1,1,1,0,1,1,1
veterans.gov,0,0,1,1,1,0,1,1,0,1,1,0
whistleblowers.gov,0,1,1,1,1,1,1,1,0,1,1,1
worker.gov,0,1,1,1,1,1,1,1,0,0,1,0
wrp.gov,0,1,1,1,1,1,1,1,1,0,1,0
youthrules.gov,0,0,1,1,1,1,1,1,0,1,1,0
america.gov,2,2,2,2,2,2,2,2,2,2,2,2
cwc.gov,2,2,2,2,2,2,2,2,2,2,2,2
fan.gov,1,0,1,1,1,1,1,1,1,1,1,1
iawg.gov,0,1,1,1,1,1,1,1,0,0,0,0
ibwc.gov,0,1,1,1,1,1,1,1,1,0,0,0
osac.gov,0,0,1,1,1,1,1,1,0,0,1,0
pepfar.gov,0,1,1,1,1,0,1,1,0,0,1,0
state.gov,0,1,1,1,1,0,1,1,0,0,1,0
usaseanconnect.gov,0,1,1,1,1,1,1,1,1,0,0,0
usconsulate.gov,0,1,1,1,1,0,1,1,0,0,1,0
usembassy.gov,0,1,1,1,1,0,1,1,0,0,0,0
usmission.gov,0,1,1,1,1,0,1,1,0,0,1,0
911.gov,0,0,1,1,1,1,1,1,1,1,1,1
distracteddriving.gov,0,0,1,1,1,1,1,1,0,1,1,0
distraction.gov,0,0,1,1,1,1,1,1,0,1,1,0
dot.gov,0,1,1,1,1,0,1,0,0,1,1,0
ems.gov,0,0,1,1,1,1,1,1,0,1,1,1
esc.gov,0,0,1,1,1,1,1,1,0,1,1,1
faasafety.gov,0,1,1,1,1,1,1,1,0,1,1,0
flyhealthy.gov,0,1,1,1,1,1,1,1,0,1,1,0
nhtsa.gov,0,0,1,1,1,1,1,1,0,1,1,0
safecar.gov,0,0,1,1,1,1,1,1,0,1,1,0
safeocs.gov,0,1,1,1,1,1,1,1,0,0,1,0
safercar.gov,0,0,1,1,1,1,1,1,0,1,1,0
safertruck.gov,0,0,1,1,1,1,1,1,0,1,1,0
sharetheroadsafely.gov,2,2,2,2,2,2,2,2,2,2,2,2
trafficsafetymarketing.gov,0,0,1,1,1,1,1,1,1,1,1,0
transportation.gov,0,1,1,1,1,0,1,0,0,1,1,0
reach.gov,0,0,1,1,1,1,1,1,1,0,1,0
va.gov,0,0,1,1,1,1,1,1,0,1,1,1
vets.gov,0,0,1,1,1,1,1,1,0,1,1,1
abandonedmines.gov,0,0,1,1,1,1,1,1,0,0,1,0
acwi.gov,0,1,1,1,1,1,1,1,0,0,1,0
alaskacenters.gov,0,1,1,1,1,0,1,0,0,1,1,0
anstaskforce.gov,0,1,1,1,1,1,1,1,0,1,1,1
bia.gov,0,1,1,1,1,1,1,1,0,1,1,1
blm.gov,0,0,1,1,1,1,1,1,0,0,1,0
boem.gov,0,1,1,1,1,1,1,0,0,1,1,0
bsee.gov,0,0,1,1,1,1,1,1,0,0,1,1
btfa.gov,0,0,1,1,1,0,1,1,0,1,1,0
coralreef.gov,0,1,1,1,1,1,1,1,0,0,0,0
doi.gov,0,0,1,1,1,1,1,1,0,1,1,0
doioig.gov,0,0,1,1,1,1,1,1,0,0,0,1
earthquake.gov,0,1,1,0,1,1,1,1,0,1,1,1
evergladesrestoration.gov,0,0,1,1,1,0,1,0,1,0,0,0
everykidoutdoors.gov,0,0,1,1,1,1,1,1,0,0,0,0
fgdc.gov,0,1,1,1,1,1,1,1,1,0,0,0
firecode.gov,0,1,1,1,1,1,1,0,1,0,0,0
fireleadership.gov,0,0,1,1,1,1,1,1,1,0,0,0
firescience.gov,0,0,1,1,1,1,1,0,1,0,0,0
fws.gov,0,1,1,1,1,1,1,1,0,1,1,1
gcmrc.gov,0,0,1,1,1,1,1,1,0,1,1,1
geoplatform.gov,0,1,1,1,1,1,1,1,0,1,1,1
indianaffairs.gov,0,1,1,1,1,0,1,1,0,1,1,1
interior.gov,0,0,1,1,1,0,1,1,0,1,1,0
invasivespecies.gov,0,0,1,1,1,0,1,1,0,1,1,0
jem.gov,0,1,1,1,1,1,1,1,1,0,1,0
lacoast.gov,0,0,1,1,1,1,1,1,0,0,1,0
landfire.gov,0,0,1,1,1,1,1,1,0,1,1,0
landimaging.gov,2,2,2,2,2,2,2,2,2,2,2,2
lcrmscp.gov,0,0,1,1,1,1,1,1,0,0,1,0
lmvsci.gov,0,0,1,1,1,1,1,1,0,1,1,1
mitigationcommission.gov,0,0,1,1,1,1,1,1,1,0,1,0
mrlc.gov,0,0,1,1,1,1,1,0,0,1,0,0
mtbs.gov,0,0,1,1,1,1,1,1,1,1,1,1
nationalmap.gov,0,0,1,1,1,1,1,1,0,1,1,1
nemi.gov,0,1,1,1,1,1,1,1,1,1,1,1
nfpors.gov,0,1,1,1,1,1,1,1,1,0,0,0
nifc.gov,0,0,1,1,1,1,1,1,0,0,1,0
nps.gov,0,0,1,1,1,1,1,1,1,0,0,0
onhir.gov,0,1,1,1,1,0,1,0,1,0,0,0
onrr.gov,0,1,1,1,1,1,1,1,0,0,0,0
osmre.gov,0,1,1,1,1,1,1,1,0,1,1,0
piedrasblancas.gov,0,0,1,1,1,1,1,1,1,0,0,0
reportband.gov,0,0,1,1,1,1,0,1,0,0,1,0
rivers.gov,0,1,1,1,1,1,1,1,0,0,1,0
safecom.gov,0,0,1,1,1,1,1,1,1,1,0,0
sciencebase.gov,0,1,1,1,1,1,1,1,1,0,0,0
sierrawild.gov,0,1,1,1,1,1,1,1,0,0,0,0
usbr.gov,0,0,1,1,1,1,1,1,0,0,1,0
usgs.gov,0,0,1,1,1,0,1,0,0,1,1,1
utahfireinfo.gov,0,1,1,1,1,1,1,1,1,0,0,0
volcano.gov,0,1,1,1,1,1,1,1,0,0,1,1
volunteer.gov,0,0,1,1,1,0,0,0,0,1,1,1
watermonitor.gov,0,1,1,1,1,1,1,1,1,0,1,0
wlci.gov,0,1,1,1,1,1,1,1,0,0,0,0
americathebeautifulquarters.gov,0,1,1,1,1,1,1,1,0,0,0,0
asap.gov,0,1,1,1,1,1,1,1,1,1,1,1
ayudaconmibanco.gov,0,1,1,1,1,1,1,1,0,1,1,1
bankanswers.gov,0,1,1,1,1,1,1,1,0,1,1,1
bankcustomer.gov,0,1,1,1,1,1,1,1,0,1,1,1
bankcustomerassistance.gov,0,1,1,1,1,1,1,1,0,1,1,1
bankhelp.gov,0,1,1,1,1,1,1,1,0,1,1,1
banknet.gov,0,1,1,1,1,1,1,1,1,0,0,0
bep.gov,0,0,1,1,1,1,1,1,0,1,1,0
bfem.gov,0,0,1,1,1,1,1,1,0,1,1,1
bondpro.gov,0,0,1,1,1,1,1,1,0,1,1,1
ccac.gov,0,1,1,1,1,1,1,1,1,1,1,1
cdfifund.gov,0,0,1,1,1,1,1,1,0,1,1,0
complaintreferralexpress.gov,0,1,1,1,1,0,1,1,1,1,1,1
comptrollerofthecurrency.gov,0,1,1,1,1,1,1,1,0,1,1,1
directoasucuenta.gov,0,1,1,1,1,0,1,0,1,0,0,0
eaglecash.gov,0,0,1,1,1,1,1,1,0,1,1,1
eftps.gov,0,1,1,1,1,0,1,1,1,1,1,1
eta-find.gov,0,1,1,1,1,0,1,0,1,0,0,0
eyenote.gov,0,0,1,1,1,1,1,1,0,1,1,0
federalinvestments.gov,0,0,1,1,1,1,1,1,0,1,1,1
fedinvest.gov,0,0,1,1,1,1,1,1,0,1,1,1
ffb.gov,0,1,1,1,1,1,1,1,0,1,1,1
financialresearch.gov,0,1,1,1,1,1,1,1,0,1,1,1
financialstability.gov,0,0,1,1,1,1,1,1,0,1,1,0
fincen.gov,0,1,1,1,1,0,1,1,1,1,1,1
fsoc.gov,0,0,1,1,1,1,1,1,0,1,1,0
godirect.gov,0,1,1,1,1,1,1,1,1,0,0,0
helpwithmybank.gov,0,1,1,1,1,1,1,1,0,1,1,1
helpwithmycheckingaccount.gov,0,1,1,1,1,1,1,1,0,1,1,1
helpwithmycreditcard.gov,0,1,1,1,1,1,1,1,0,1,1,1
helpwithmycreditcardbank.gov,0,1,1,1,1,1,1,1,0,1,1,1
helpwithmymortgage.gov,0,1,1,1,1,1,1,1,0,1,1,1
helpwithmymortgagebank.gov,0,1,1,1,1,1,1,1,0,1,1,1
ipp.gov,0,0,1,1,1,0,1,0,0,1,1,1
irs.gov,0,0,1,1,1,1,1,1,0,1,1,0
irsauctions.gov,0,0,1,1,1,1,1,1,1,0,0,0
irssales.gov,0,0,1,1,1,1,1,1,1,0,0,0
irsvideos.gov,0,1,1,1,1,1,1,1,1,0,0,0
its.gov,0,1,1,1,1,1,1,1,0,1,1,1
makinghomeaffordable.gov,0,0,1,1,1,1,1,1,0,1,1,0
mha.gov,0,0,1,1,1,1,1,1,0,1,1,0
moneyfactory.gov,0,0,1,1,1,1,1,1,0,1,1,0
moneyfactorystore.gov,0,1,1,1,1,1,1,1,1,0,1,0
msb.gov,0,1,1,1,1,0,1,1,1,1,1,1
myira.gov,0,0,1,1,1,1,1,1,1,1,1,1
mymoney.gov,0,0,1,1,1,1,1,1,0,1,1,0
myra.gov,0,0,1,1,1,1,1,1,1,1,1,1
mytreasury.gov,2,2,2,2,2,2,2,2,2,2,2,2
nationalbank.gov,0,1,1,1,1,1,1,1,1,0,0,0
nationalbankhelp.gov,0,1,1,1,1,1,1,1,0,1,1,1
nationalbanknet.gov,0,1,1,1,1,1,1,1,1,0,0,0
navycash.gov,0,0,1,1,1,1,1,1,0,1,1,1
occ.gov,0,1,1,1,1,1,1,1,0,1,1,1
occhelps.gov,0,1,1,1,1,1,1,1,0,1,1,1
ots.gov,0,1,1,1,1,1,1,1,0,1,1,1
pay.gov,0,1,1,1,1,1,1,1,1,0,1,1
savingsbond.gov,0,0,1,1,1,1,1,1,0,1,1,1
savingsbonds.gov,0,0,1,1,1,1,1,1,0,1,1,1
savingsbondwizard.gov,0,0,1,1,1,1,1,1,0,1,1,1
sigpr.gov,0,0,1,1,1,1,1,1,0,1,1,0
sigtarp.gov,0,0,1,1,1,1,1,1,0,1,1,0
slgs.gov,0,0,1,1,1,1,1,1,0,1,1,1
taaps.gov,0,0,1,1,1,1,1,1,0,1,1,1
tax.gov,0,1,1,1,1,1,1,1,1,0,0,0
tcis.gov,2,2,2,2,2,2,2,2,2,2,2,2
tigta.gov,0,0,1,1,1,1,1,1,1,0,0,0
treas.gov,0,0,1,1,1,1,1,1,0,1,1,0
treaslockbox.gov,0,1,1,1,1,1,1,1,1,1,1,1
treasury.gov,0,0,1,1,1,1,1,1,0,1,1,0
treasuryauctions.gov,0,0,1,1,1,1,1,1,0,1,1,1
treasurydirect.gov,0,0,1,1,1,1,1,1,0,1,1,1
treasuryecm.gov,2,2,2,2,2,2,2,2,2,2,2,2
treasuryhunt.gov,0,0,1,1,1,1,1,1,0,1,1,1
treasuryscams.gov,0,0,1,1,1,1,1,1,0,1,1,1
ttbonline.gov,0,0,1,1,1,1,1,1,0,1,1,1
twai.gov,2,2,2,2,2,2,2,2,2,2,2,2
usaspending.gov,0,1,1,1,1,1,1,1,0,0,1,0
usdebitcard.gov,0,1,1,1,1,0,1,1,0,1,1,0
usmint.gov,0,1,1,1,1,1,1,1,0,0,0,0
ustreas.gov,0,0,1,1,1,1,1,1,0,1,1,0
wizard.gov,0,0,1,1,1,1,1,1,0,1,1,1
dni.gov,0,1,1,1,1,0,1,0,0,0,0,1
famep.gov,0,1,1,1,1,1,1,1,1,1,0,0
iarpa-ideas.gov,0,1,1,1,1,1,1,0,1,0,1,0
iarpa.gov,0,1,1,1,1,0,1,0,0,1,0,1
icjointduty.gov,0,1,1,1,1,0,1,0,0,0,0,1
intel.gov,0,1,1,1,1,1,1,1,0,0,0,1
intelligence.gov,0,1,1,1,1,0,1,0,0,0,0,1
ise.gov,0,1,1,1,1,0,1,0,0,0,0,1
ncix.gov,2,2,2,2,2,2,2,2,2,2,2,2
ncsc.gov,0,1,1,1,1,0,1,0,0,0,0,1
odni.gov,0,1,1,1,1,0,1,0,0,0,0,1
qart.gov,0,1,1,1,1,0,1,0,1,0,0,0
eac.gov,0,1,1,1,1,1,1,1,0,1,1,0
helpamericavote.gov,0,1,1,1,1,1,1,1,0,1,1,0
votebymail.gov,0,1,1,1,1,1,1,1,0,1,1,0
airknowledge.gov,0,1,1,1,1,1,1,1,1,0,0,0
airnow.gov,0,0,1,1,1,1,1,1,0,1,1,1
energystar.gov,0,1,1,1,1,1,1,1,1,1,0,1
epa.gov,0,1,1,1,1,1,1,1,1,1,0,1
fedcenter.gov,0,1,1,1,1,1,1,1,1,0,0,0
foiaonline.gov,0,1,1,1,1,1,1,1,0,1,1,1
frtr.gov,0,1,1,1,1,1,1,1,0,0,0,0
glnpo.gov,2,2,2,2,2,2,2,2,2,2,2,2
greengov.gov,0,1,1,1,1,1,1,1,0,0,1,0
relocatefeds.gov,0,1,1,1,1,1,1,1,1,1,0,1
sustainability.gov,0,1,1,1,1,1,1,1,0,0,1,0
urbanwaters.gov,0,1,1,1,1,1,1,1,1,1,0,1
eeoc.gov,0,1,1,1,1,0,1,1,0,1,1,0
accedeainternet.gov,0,1,1,1,1,1,1,1,0,1,1,1
ai.gov,0,1,1,1,1,1,1,1,0,1,0,1
budget.gov,0,1,1,1,1,1,1,1,0,1,1,1
build.gov,0,1,1,1,1,1,1,1,0,1,1,1
buildbackbetter.gov,0,1,1,1,1,1,1,1,0,1,1,1
childtaxcredit.gov,0,1,1,1,1,1,1,1,0,1,1,1
cleanenergy.gov,0,1,1,1,1,0,1,1,0,1,1,1
crisisnextdoor.gov,0,0,1,1,1,1,1,1,1,0,0,0
earmarks.gov,0,1,1,1,1,1,1,1,0,1,1,1
eop.gov,0,1,1,1,1,1,1,1,0,1,1,1
getinternet.gov,0,1,1,1,1,1,1,1,0,1,1,1
max.gov,0,1,1,1,1,1,1,1,1,1,1,1
nepa.gov,0,1,1,1,1,0,1,1,0,0,1,0
omb.gov,0,1,1,1,1,1,1,1,0,1,1,1
ondcp.gov,0,1,1,1,1,1,1,1,0,1,1,1
ostp.gov,0,1,1,1,1,1,1,1,0,1,1,1
pslf.gov,0,1,1,1,1,1,1,1,0,1,1,1
publicserviceloanforgiveness.gov,0,1,1,1,1,1,1,1,0,1,1,1
reproaccess.gov,0,1,1,1,1,1,1,1,0,0,0,0
reproductiveaccess.gov,0,1,1,1,1,1,1,1,0,0,0,0
reproductiverights.gov,0,1,1,1,1,1,1,1,0,0,0,0
reprorights.gov,0,1,1,1,1,1,1,1,0,0,0,0
usdigitalservice.gov,0,1,1,1,1,0,1,1,0,1,0,0
usds.gov,0,1,1,1,1,1,1,1,0,1,0,0
ustr.gov,0,1,1,1,1,1,1,1,1,0,0,0
wh.gov,0,1,1,1,1,1,1,1,0,1,1,1
whitehouse.gov,0,1,1,1,1,1,1,1,0,1,1,1
whitehousedrugpolicy.gov,0,1,1,1,1,1,1,1,0,1,1,1
exim.gov,0,1,1,1,1,0,1,1,1,1,1,0
fca.gov,0,0,1,1,1,0,1,1,1,1,0,0
fcsic.gov,0,0,1,1,1,1,1,1,0,1,1,0
acpbenefit.gov,0,1,1,1,1,0,1,1,0,0,0,0
affordableconnectivity.gov,0,1,1,1,1,1,1,1,0,0,0,0
fcc.gov,0,0,1,1,1,1,1,1,0,0,1,1
economicinclusion.gov,0,0,1,1,1,1,1,0,1,0,1,0
fdic.gov,0,1,1,1,1,0,1,1,1,1,1,1
fdicig.gov,0,1,1,1,1,1,1,1,1,0,1,0
fdicoig.gov,0,1,1,1,1,1,1,1,1,0,1,0
fdicseguro.gov,0,1,1,1,1,0,1,1,1,1,1,1
fec.gov,0,1,1,1,1,0,1,1,0,1,1,1
ferc.gov,0,1,1,1,1,1,1,1,0,1,1,0
fhfa.gov,0,1,1,1,1,0,1,0,0,1,1,0
fhfaoig.gov,0,1,1,1,1,1,1,1,0,1,1,1
flra.gov,0,1,1,1,1,0,1,1,1,0,1,0
fmc.gov,0,1,1,1,1,1,1,0,1,0,0,0
adr.gov,0,1,1,1,1,1,1,1,0,1,1,0
fmcs.gov,0,0,1,1,1,1,1,1,0,1,1,0
fmshrc.gov,2,2,2,2,2,2,2,2,2,2,2,2
fpisc.gov,0,1,1,1,1,0,1,1,0,1,1,0
fbiic.gov,0,1,1,1,1,1,1,1,1,0,0,0
federalreserve.gov,0,1,1,1,1,1,1,1,0,0,1,0
federalreserveconsumerhelp.gov,0,1,1,1,1,1,1,1,0,1,1,1
fedpartnership.gov,0,1,1,1,1,1,1,1,1,1,1,1
ffiec.gov,0,1,1,1,1,1,1,1,1,0,1,0
frb.gov,2,2,2,2,2,2,2,2,2,2,2,2
uscurrency.gov,0,1,1,1,1,1,1,1,0,0,1,0
exploretsp.gov,0,1,1,1,1,0,1,1,0,1,1,1
frtib.gov,0,1,1,1,1,1,1,1,0,1,1,1
tsp.gov,0,1,1,1,1,1,1,1,0,1,1,1
alertaenlinea.gov,0,1,1,1,1,1,1,1,0,1,1,1
consumer.gov,0,1,1,1,1,1,1,1,0,1,1,1
consumersentinel.gov,0,1,1,1,1,1,1,1,1,0,0,0
consumidor.gov,0,1,1,1,1,1,1,1,0,1,1,1
donotcall.gov,1,1,1,1,1,1,1,1,0,1,1,1
dontserveteens.gov,0,1,1,1,1,0,1,1,0,1,1,1
econsumer.gov,0,1,1,1,1,1,1,1,1,1,1,1
ftc.gov,0,1,1,1,1,1,1,1,0,1,1,1
ftccomplaintassistant.gov,0,1,1,1,1,1,1,1,0,1,1,1
ftcefile.gov,2,2,2,2,2,2,2,2,2,2,2,2
hsr.gov,0,1,1,1,1,1,1,1,0,1,1,1
identitytheft.gov,0,1,1,1,1,1,1,1,0,1,1,1
idtheft.gov,0,1,1,1,1,1,1,1,0,1,1,1
militaryconsumer.gov,0,1,1,1,1,1,1,1,0,1,1,1
onguardonline.gov,0,1,1,1,1,1,1,1,0,1,1,1
protecciondelconsumidor.gov,0,1,1,1,1,1,1,1,0,1,1,1
robodeidentidad.gov,0,1,1,1,1,1,1,1,0,1,1,1
sentinel.gov,0,1,1,1,1,1,1,1,0,1,1,1
18f.gov,0,1,1,1,1,1,1,1,0,1,1,1
400yaahc.gov,0,1,1,1,1,1,0,1,0,1,0,0
accessibility.gov,2,2,2,2,2,2,2,2,2,2,2,2
acquisition.gov,2,2,2,2,2,2,2,2,2,2,2,2
afadvantage.gov,2,2,2,2,2,2,2,2,2,2,2,2
businessusa.gov,0,1,1,1,1,1,1,1,0,0,0,0
buyaccessible.gov,2,2,2,2,2,2,2,2,2,2,2,2
buyamerican.gov,0,1,1,1,1,1,1,1,0,1,1,1
cao.gov,2,2,2,2,2,2,2,2,2,2,2,2
cbca.gov,2,2,2,2,2,2,2,2,2,2,2,2
cdo.gov,0,1,1,1,1,1,1,1,0,1,1,1
cfo.gov,0,1,1,1,1,1,1,1,0,1,1,1
challenge.gov,0,1,1,1,1,1,1,1,0,1,1,1
cio.gov,0,1,1,1,1,1,1,1,0,1,1,1
citizenscience.gov,0,1,1,1,1,1,1,1,0,1,1,1
cloud.gov,0,1,1,1,1,1,1,1,0,1,1,1
code.gov,0,1,1,1,1,1,1,1,0,1,1,1
computersforlearning.gov,2,2,2,2,2,2,2,2,2,2,2,2
consumeraction.gov,0,1,1,1,1,1,1,1,0,0,0,0
contractdirectory.gov,0,1,1,1,1,1,1,1,1,0,0,0
cpars.gov,0,1,1,1,1,1,1,1,1,1,1,1
data.gov,0,1,1,1,1,1,1,1,0,1,1,1
digital.gov,0,1,1,1,1,1,1,1,0,1,1,1
digitaldashboard.gov,2,2,2,2,2,2,2,2,2,2,2,2
digitalgov.gov,0,1,1,1,1,1,1,1,0,1,1,1
ecpic.gov,0,1,1,1,1,1,1,1,1,1,1,1
esrs.gov,0,1,1,1,1,1,1,1,1,0,1,0
evaluation.gov,0,1,1,1,1,1,1,1,0,1,1,1
faca.gov,0,1,1,1,0,1,1,1,0,1,1,0
facadatabase.gov,0,0,1,1,1,1,1,1,1,0,0,0
fai.gov,2,2,2,2,2,2,2,2,2,2,2,2
fapiis.gov,0,1,1,1,1,1,1,1,0,1,1,1
fbf.gov,2,2,2,2,2,2,2,2,2,2,2,2
fbo.gov,0,1,1,1,1,1,1,1,0,1,1,1
fcsm.gov,0,1,1,1,1,1,1,1,0,1,1,1
fdms.gov,0,0,1,1,1,1,1,1,1,1,1,1
fedidcard.gov,2,2,2,2,2,2,2,2,2,2,2,2
fedinfo.gov,2,2,2,2,2,2,2,2,2,2,2,2
fedramp.gov,0,1,1,1,1,1,1,1,1,1,1,1
fedrooms.gov,0,1,1,1,0,1,1,1,0,1,1,0
firstgov.gov,0,1,1,1,1,1,1,1,0,0,0,0
fmi.gov,2,2,2,2,2,2,2,2,2,2,2,2
forms.gov,0,1,1,1,1,1,1,1,0,0,0,0
fpc.gov,0,1,1,1,1,1,1,1,0,1,1,1
fpds.gov,0,1,1,1,1,1,1,1,1,0,1,1
frpg.gov,0,0,1,1,1,1,1,1,1,0,0,0
fsd.gov,0,1,1,1,1,1,1,1,0,1,1,1
fsrs.gov,0,1,1,1,1,1,1,1,1,0,1,0
gobiernousa.gov,0,1,1,1,1,1,1,1,0,0,0,0
gsa.gov,0,1,1,1,0,1,1,1,0,1,1,0
gsaadvantage.gov,2,2,2,2,2,2,2,2,2,2,2,2
gsaauctions.gov,2,2,2,2,2,2,2,2,2,2,2,2
gsafleet.gov,0,1,1,1,1,1,1,1,0,0,0,0
gsaig.gov,2,2,2,2,2,2,2,2,2,2,2,2
gsaxcess.gov,2,2,2,2,2,2,2,2,2,2,2,2
identitysandbox.gov,0,1,1,1,1,1,1,0,1,0,0,0
idmanagement.gov,0,1,1,1,1,1,1,1,0,1,1,1
info.gov,0,1,1,1,1,1,1,1,0,0,0,0
innovation.gov,0,1,1,1,1,1,1,1,1,1,1,1
itdashboard.gov,0,1,1,1,1,1,1,1,0,0,1,0
kids.gov,0,1,1,1,1,1,1,1,0,0,0,0
login.gov,0,1,1,1,1,1,1,1,0,1,1,1
madeinamerica.gov,0,1,1,1,1,1,1,1,0,1,1,1
paymentaccuracy.gov,0,1,1,1,1,1,1,1,0,1,1,1
performance.gov,0,1,1,1,1,1,1,1,0,1,1,1
pic.gov,0,1,1,1,1,1,1,1,0,1,1,1
pif.gov,0,1,1,1,1,1,1,1,0,1,1,1
plainlanguage.gov,0,1,1,1,1,1,1,1,0,1,1,1
presidentialinnovationfellows.gov,0,1,1,1,1,1,1,1,0,1,1,1
realestatesales.gov,2,2,2,2,2,2,2,2,2,2,2,2
realpropertyprofile.gov,0,0,1,1,1,1,1,1,1,0,0,0
reginfo.gov,2,2,2,2,2,2,2,2,2,2,2,2
regulations.gov,0,0,1,1,1,1,1,1,0,1,1,1
reporting.gov,0,0,1,1,1,1,0,1,0,1,1,1
rocis.gov,2,2,2,2,2,2,2,2,2,2,2,2
saferfederalworkforce.gov,0,1,1,1,1,1,1,1,0,1,1,1
sam.gov,0,1,1,1,1,1,1,1,0,0,1,0
sbst.gov,0,1,1,1,1,1,1,1,0,1,1,1
search.gov,0,1,1,1,1,1,1,1,0,1,1,1
section508.gov,0,1,1,1,1,1,1,1,0,1,1,1
sftool.gov,2,2,2,2,2,2,2,2,2,2,2,2
thenamingcommission.gov,0,1,1,1,1,1,1,1,0,1,1,0
us.gov,0,1,1,1,1,1,1,1,0,0,0,0
usa.gov,0,1,1,1,1,1,1,1,0,0,0,0
usability.gov,0,1,1,1,1,1,1,1,0,1,1,1
usagov.gov,0,1,1,1,1,1,1,1,0,0,0,0
ussm.gov,0,1,1,1,1,1,1,1,0,1,1,1
vote.gov,0,1,1,1,1,1,1,1,0,1,1,1
wdol.gov,0,1,1,1,1,1,1,1,0,1,1,1
restorethegulf.gov,0,1,1,1,1,1,1,1,1,1,0,0
truman.gov,0,1,1,1,1,0,1,1,1,1,1,0
imls.gov,0,1,1,1,1,1,1,1,0,0,1,0
iaf.gov,0,1,1,1,1,1,1,1,1,0,1,0
jamesmadison.gov,0,1,1,1,1,0,1,0,1,0,1,0
jusfc.gov,0,0,1,1,1,0,1,1,1,1,1,1
lsc.gov,0,1,1,1,1,1,1,0,0,1,1,1
mmc.gov,0,1,1,1,1,0,1,1,0,0,0,0
mspb.gov,0,1,1,1,1,1,1,1,0,0,0,0
mcc.gov,0,1,1,1,1,1,1,1,1,0,0,0
mcctest.gov,2,2,2,2,2,2,2,2,2,2,2,2
ecr.gov,0,1,1,1,1,1,1,1,1,1,1,1
udall.gov,0,1,1,1,1,1,1,1,1,1,1,1
globe.gov,0,0,1,1,1,1,1,1,0,1,1,1
nasa.gov,0,1,1,1,1,0,1,1,0,1,1,0
scijinks.gov,0,1,1,1,1,1,1,1,0,0,1,0
usgeo.gov,0,1,1,1,1,1,1,1,0,1,1,1
9-11commission.gov,0,1,1,1,1,1,1,1,1,0,0,0
911commission.gov,0,1,1,1,1,1,1,1,1,0,0,0
archives.gov,0,0,1,1,1,1,1,1,0,1,1,0
bush41library.gov,0,1,1,1,1,1,1,1,1,1,1,0
clintonlibrary.gov,0,0,1,1,1,1,1,1,0,1,1,0
dd214.gov,0,0,1,1,1,1,1,1,0,1,1,0
eisenhowerlibrary.gov,0,1,1,1,1,1,1,1,0,1,1,0
emergency-federal-register.gov,0,0,1,1,1,1,1,1,0,1,1,0
fcic.gov,0,0,1,1,1,1,1,1,1,0,0,0
fordlibrarymuseum.gov,0,1,1,1,1,1,1,1,0,1,1,0
frc.gov,0,0,1,1,1,1,1,1,0,1,1,0
georgewbushlibrary.gov,0,1,1,1,1,1,1,1,1,1,1,0
history.gov,0,0,1,1,1,1,1,1,1,0,1,1
jfklibrary.gov,0,1,1,1,1,1,1,1,1,1,1,0
jimmycarterlibrary.gov,0,0,1,1,1,1,1,1,0,0,1,0
lbjlibrary.gov,0,1,1,1,1,1,1,1,1,1,1,0
nara.gov,0,0,1,1,1,1,1,1,0,1,1,0
nixonlibrary.gov,0,0,1,1,1,1,1,1,0,1,1,0
obamalibrary.gov,0,0,1,1,1,1,1,1,0,1,1,0
obamawhitehouse.gov,0,1,1,1,1,1,1,1,0,1,1,0
ourdocuments.gov,0,0,1,1,1,1,1,1,0,1,1,0
reaganlibrary.gov,0,1,1,1,1,1,1,1,0,1,1,0
recordsmanagement.gov,0,0,1,1,1,1,1,1,0,1,1,0
trumanlibrary.gov,0,0,1,1,1,1,1,1,0,1,1,0
trumplibrary.gov,0,1,1,1,1,1,1,1,0,1,1,0
trumpwhitehouse.gov,0,1,1,1,1,1,1,1,1,1,1,0
wartimecontracting.gov,0,0,1,1,1,1,1,1,1,0,0,0
webharvest.gov,0,1,1,1,1,1,1,1,1,0,0,0
ncpc.gov,0,1,1,1,1,1,1,1,0,1,0,1
ncd.gov,0,1,1,1,1,1,1,0,1,1,1,0
mycreditunion.gov,0,1,1,1,1,1,1,1,0,0,1,1
ncua.gov,0,1,1,1,1,1,1,1,0,0,1,1
arts.gov,0,1,1,1,1,1,1,1,1,1,1,1
nea.gov,0,1,1,1,1,1,1,1,1,1,1,1
neh.gov,0,1,1,1,1,0,1,1,0,1,1,1
nga.gov,0,1,1,1,1,0,1,0,1,0,0,0
nigc.gov,0,0,1,1,1,1,1,0,1,0,0,0
nlrb.gov,0,0,1,1,1,1,1,1,1,0,0,0
nmb.gov,0,1,1,1,1,1,1,1,1,1,1,1
nano.gov,0,1,1,1,1,0,1,0,0,0,1,0
quantum.gov,0,1,1,1,1,1,1,1,0,1,1,1
arctic.gov,0,1,1,1,1,1,1,0,1,1,0,0
nsf.gov,0,0,1,1,1,1,1,1,0,0,1,0
research.gov,0,0,1,1,1,0,1,1,0,1,1,1
sac.gov,0,1,1,1,1,1,1,1,1,0,0,0
usap.gov,0,1,1,1,1,0,1,1,0,1,1,1
nscai.gov,0,1,1,1,1,1,1,1,0,0,0,0
ntsb.gov,0,1,1,1,1,1,1,1,0,1,0,0
nitrd.gov,0,1,1,1,1,1,1,1,0,1,0,1
nbrc.gov,0,1,1,1,1,1,1,1,0,0,1,1
nrc-gateway.gov,2,2,2,2,2,2,2,2,2,2,2,2
nrc.gov,2,2,2,2,2,2,2,2,2,2,2,2
oshrc.gov,0,0,1,0,1,1,1,1,1,0,1,0
integrity.gov,0,1,1,1,1,1,1,1,1,1,1,0
oge.gov,0,1,1,1,1,1,1,1,0,1,1,1
chcoc.gov,0,1,1,1,1,1,1,0,0,0,0,0
cybercareers.gov,0,0,1,1,1,1,1,1,0,1,1,1
employeeexpress.gov,0,0,1,1,1,1,1,1,1,0,1,0
feb.gov,0,0,1,1,1,1,1,1,0,1,1,1
federaljobs.gov,0,0,1,1,1,1,1,1,1,1,1,1
fedjobs.gov,0,0,1,1,1,1,1,1,1,1,1,1
fedshirevets.gov,0,0,1,1,1,1,1,1,0,1,1,1
fegli.gov,0,0,1,1,1,1,1,1,0,1,0,0
governmentjobs.gov,0,0,1,1,1,1,1,1,1,1,1,1
opm.gov,0,0,1,1,1,1,1,1,0,1,1,0
pmf.gov,0,0,1,1,1,1,1,1,0,1,1,1
telework.gov,0,0,1,1,1,1,1,1,1,1,1,1
unlocktalent.gov,0,0,1,1,1,1,1,1,1,1,1,1
usajobs.gov,0,0,1,1,1,1,1,1,1,1,1,1
usalearning.gov,0,1,1,1,1,1,1,1,1,0,1,0
usastaffing.gov,0,0,1,1,1,1,1,1,1,1,1,0
pbgc.gov,0,1,1,1,1,1,1,1,0,1,1,0
prc.gov,0,1,1,1,1,1,1,1,0,1,1,1
presidio.gov,0,1,1,1,1,1,0,1,0,1,1,0
presidiotunneltops.gov,0,1,1,1,1,1,1,1,1,0,0,0
pclob.gov,0,0,1,1,1,0,1,0,0,0,1,0
pbrb.gov,0,1,1,1,1,1,0,1,0,1,0,0
rrb.gov,0,1,1,1,1,1,1,1,0,0,1,0
investor.gov,0,0,1,1,1,1,1,1,0,1,1,0
sec.gov,0,0,1,1,1,1,1,1,1,1,1,1
sss.gov,0,1,1,1,1,0,1,0,0,0,1,0
business.gov,0,1,1,1,1,1,1,1,1,0,1,0
nwbc.gov,0,1,1,1,1,1,1,1,0,0,0,0
sba.gov,0,1,1,1,1,1,1,1,1,0,1,0
sbir.gov,0,1,1,1,1,1,1,1,0,0,0,1
itis.gov,0,1,1,1,1,1,1,1,1,0,1,0
segurosocial.gov,0,1,1,1,1,1,1,1,1,1,1,1
socialsecurity.gov,0,1,1,1,1,1,1,1,1,1,1,1
ssa.gov,0,1,1,1,1,1,1,1,1,1,1,1
ssab.gov,0,0,1,1,1,1,1,1,0,0,0,0
scrc.gov,0,1,1,1,1,1,1,0,0,0,0,0
sji.gov,0,1,1,1,1,0,1,0,1,0,0,0
stb.gov,0,1,1,1,1,1,1,1,0,1,1,1
tva.gov,0,1,1,1,1,0,1,1,0,0,1,0
tvaoig.gov,2,2,2,2,2,2,2,2,2,2,2,2
worldwar1centennial.gov,0,1,1,1,1,0,1,0,1,1,0,0
childreninadversity.gov,0,1,1,1,1,1,1,1,1,1,1,1
dfafacts.gov,0,0,1,1,1,1,1,1,1,0,0,0
feedthefuture.gov,0,1,1,1,1,1,1,1,0,1,1,1
foreignassistance.gov,0,1,1,1,1,1,1,1,0,1,1,0
neglecteddiseases.gov,0,1,1,1,1,1,1,1,0,1,1,1
pmi.gov,0,1,1,1,1,1,1,1,0,1,1,1
prosperafrica.gov,0,1,1,1,1,1,1,1,1,1,1,1
usaid.gov,0,1,1,1,1,1,1,1,1,1,1,1
workwithusaid.gov,0,1,1,1,1,1,1,1,1,1,1,1
heritageabroad.gov,0,0,1,1,1,0,1,0,1,0,1,1
cfa.gov,0,1,1,1,1,0,1,1,1,1,1,0
usccr.gov,0,1,1,1,1,0,1,1,0,0,1,0
uscirf.gov,0,1,1,1,1,1,1,0,0,0,0,1
ag.gov,2,2,2,2,2,2,2,2,2,2,2,2
biopreferred.gov,0,0,1,1,1,1,1,1,0,1,1,1
bosque.gov,0,1,1,1,1,1,1,1,0,0,1,0
choosemyplate.gov,0,1,1,1,1,1,1,1,1,0,0,0
dietaryguidelines.gov,0,1,1,1,1,1,1,1,0,0,1,1
empowhr.gov,2,2,2,2,2,2,2,2,2,2,2,2
execsec.gov,0,0,1,1,1,1,1,1,0,0,1,1
farmerfairness.gov,0,0,1,1,1,1,1,1,0,0,1,1
farmers.gov,0,1,1,1,1,1,1,1,1,1,1,1
forestsandrangelands.gov,0,1,1,1,1,1,1,1,0,0,1,0
fs.fed.us,2,2,2,2,2,2,2,2,2,2,2,2
invasivespeciesinfo.gov,0,0,1,1,1,1,1,1,0,1,1,0
itap.gov,0,0,1,1,1,1,1,1,0,1,1,0
lcacommons.gov,0,0,1,1,1,1,1,1,0,0,0,0
myplate.gov,0,1,1,1,1,1,1,1,1,0,0,0
nafri.gov,0,1,1,1,1,1,1,1,0,0,1,0
nutrition.gov,0,0,1,1,1,1,1,1,0,1,1,0
rec.gov,0,1,1,1,1,1,1,1,0,1,1,1
recreation.gov,0,1,1,1,1,1,1,1,0,1,1,1
rural.gov,0,1,1,1,1,1,1,1,1,0,1,1
usda.gov,0,0,1,1,1,1,1,1,0,0,1,1
nwtrb.gov,0,0,1,1,1,1,1,1,1,0,1,0
osc.gov,0,1,1,1,1,1,1,1,0,0,1,0
peacecorps.gov,0,1,1,1,1,1,1,1,0,1,1,1
abilityone.gov,0,1,1,1,1,0,1,1,0,0,1,0
jwod.gov,0,1,1,1,1,0,1,1,0,0,1,0
access-board.gov,0,1,1,1,1,0,1,1,0,1,1,1
adf.gov,0,1,1,1,1,1,1,1,1,0,1,0
usadf.gov,0,1,1,1,1,1,1,1,1,0,1,0
bbg.gov,0,1,1,1,1,1,1,1,0,0,0,0
ibb.gov,0,1,1,1,1,0,1,1,0,0,0,0
usagm.gov,0,1,1,1,1,1,1,1,0,0,0,0
voa.gov,0,1,1,0,1,0,1,1,0,1,0,1
globalchange.gov,0,1,1,1,1,1,1,0,1,1,0,0
usgcrp.gov,2,2,2,2,2,2,2,2,2,2,2,2
usip.gov,0,0,1,1,1,0,1,0,0,0,0,0
ich.gov,0,1,1,1,1,0,1,0,1,0,0,0
usich.gov,0,0,1,1,1,0,1,0,0,0,1,0
dfc.gov,0,1,1,1,1,1,1,1,0,1,1,1
idfc.gov,0,1,1,1,1,1,1,1,0,1,1,1
usdfc.gov,0,1,1,1,1,1,1,1,0,1,1,1
usidfc.gov,0,1,1,1,1,1,1,1,0,1,1,1
usitc.gov,0,0,1,1,1,1,1,1,0,1,1,0
purchasing.gov,2,2,2,2,2,2,2,2,2,2,2,2
uspis.gov,0,0,1,1,1,1,1,1,0,0,1,0
uspsoig.gov,0,1,1,1,1,1,1,1,1,1,0,1
ustda.gov,0,0,1,1,1,1,1,1,1,0,1,0
fraho.gov,0,1,1,1,1,1,1,0,1,0,0,0
osdls.gov,0,0,1,1,1,1,0,1,1,0,1,0
scuspd.gov,0,1,1,1,1,0,1,1,1,0,0,0
supremecourt.gov,0,0,1,1,1,1,1,1,1,0,0,0
fjc.gov,0,0,1,1,1,0,1,0,1,0,1,0
nmcourt.fed.us,2,2,2,2,2,2,2,2,2,2,2,2
pacer.gov,0,0,1,1,1,1,1,1,1,1,1,0
uscourts.gov,0,1,1,1,1,1,1,1,0,1,1,0
ustaxcourt.gov,0,1,1,1,1,1,1,0,0,0,0,0
aoc.gov,0,1,1,1,1,0,1,1,0,0,1,1
capital.gov,0,1,1,1,1,1,1,1,0,0,1,1
capitol.gov,0,1,1,1,1,1,1,1,0,0,1,1
usbg.gov,0,1,1,1,1,0,1,0,0,1,1,0
uscapital.gov,2,2,2,2,2,2,2,2,2,2,2,2
uscapitolgiftshop.gov,0,1,1,1,1,0,1,0,1,0,0,0
visitthecapitol.gov,0,1,1,1,1,0,1,0,0,1,1,0
cbo.gov,0,1,1,1,1,0,1,0,0,1,1,0
cbonews.gov,0,1,1,1,1,0,1,0,0,0,0,0
solarium.gov,0,1,1,1,1,1,1,0,0,1,1,0
eseclab.gov,0,0,1,1,1,1,1,0,1,1,1,1
fasab.gov,0,1,1,1,1,1,1,1,0,0,0,0
gao.gov,0,1,1,1,1,0,1,0,0,1,1,1
gaoinnovations.gov,0,1,1,1,1,1,1,1,1,0,0,0
gaonet.gov,2,2,2,2,2,2,2,2,2,2,2,2
congressionaldirectory.gov,0,1,1,1,1,0,1,1,1,1,1,0
congressionalrecord.gov,0,1,1,1,1,0,1,1,1,1,1,0
ecfr.gov,0,1,1,1,1,1,1,1,0,1,1,1
fdlp.gov,0,1,1,1,1,0,1,0,1,0,1,0
fdsys.gov,0,1,1,1,1,0,1,1,1,1,1,0
federalregister.gov,0,1,1,1,1,1,1,1,0,1,1,1
govinfo.gov,0,1,1,1,1,1,1,1,1,1,1,0
gpo.gov,0,1,1,1,1,1,1,1,0,1,1,1
housecalendar.gov,0,1,1,1,1,0,1,1,1,1,1,0
ofr.gov,0,0,1,1,1,0,1,0,0,1,1,0
presidentialdocuments.gov,0,1,1,1,1,0,1,1,1,1,1,0
senatecalendar.gov,0,1,1,1,1,0,1,1,1,1,1,0
uscode.gov,0,1,1,1,1,0,1,1,1,1,1,0
usgovernmentmanual.gov,0,1,1,1,1,1,1,0,0,0,0,0
africanamericanhistorymonth.gov,0,1,1,1,1,1,1,1,0,0,0,0
americanmemory.gov,0,1,1,1,1,0,1,0,1,0,0,0
americaslibrary.gov,0,0,1,1,1,1,1,0,0,0,1,0
asianpacificheritage.gov,0,1,1,1,1,1,1,0,0,0,0,0
blackhistorymonth.gov,0,1,1,1,1,1,1,1,0,0,0,0
ccb.gov,0,1,1,1,1,0,1,1,0,1,1,0
congress.gov,0,1,1,1,1,0,1,1,0,1,1,1
copyright.gov,0,1,1,1,1,1,1,1,0,1,1,0
crb.gov,0,1,1,1,1,1,1,1,0,1,1,0
crs.gov,2,2,2,2,2,2,2,2,2,2,2,2
digitalpreservation.gov,0,0,1,1,1,1,1,0,0,0,1,0
digitizationguidelines.gov,0,1,1,1,1,1,1,0,0,0,0,0
hispanicheritagemonth.gov,0,1,1,1,1,1,1,0,0,0,0,0
jewishheritage.gov,0,1,1,1,1,0,1,0,1,0,0,0
jewishheritagemonth.gov,0,1,1,1,1,1,1,0,0,0,0,0
law.gov,0,1,1,1,1,0,1,0,1,0,0,0
libraryofcongress.gov,0,1,1,1,1,0,1,0,1,0,0,0
lis.gov,2,2,2,2,2,2,2,2,2,2,2,2
literacy.gov,0,1,1,1,1,0,1,0,1,0,0,0
loc.gov,0,1,1,1,1,1,1,0,0,1,1,0
loctps.gov,0,1,1,1,1,0,1,0,1,0,0,0
nativeamericanheritagemonth.gov,0,1,1,1,1,1,1,0,0,0,0,0
read.gov,0,1,1,1,1,1,1,0,0,0,0,0
section108.gov,0,0,1,1,1,1,1,0,0,0,1,0
thomas.gov,2,2,2,2,2,2,2,2,2,2,2,2
tps.gov,0,1,1,1,1,0,1,0,1,0,0,0
unitedstatescongress.gov,0,1,1,1,1,0,1,0,0,1,1,1
uscongress.gov,0,1,1,1,1,0,1,0,0,1,1,1
womenshistorymonth.gov,0,1,1,1,1,1,1,0,0,0,0,0
macpac.gov,0,1,1,1,1,0,1,0,0,0,0,0
medpac.gov,0,0,1,1,1,1,1,1,1,0,0,0
compliance.gov,0,1,1,1,1,0,1,0,1,0,0,0
ocwr.gov,0,0,1,1,1,1,1,1,0,1,1,1
coil.gov,0,0,1,1,1,1,1,1,1,0,0,0
openworld.gov,0,0,1,1,1,0,1,0,0,0,0,0
stennis.gov,0,1,1,1,1,1,1,0,0,0,0,0
cecc.gov,0,0,1,1,1,0,1,1,0,1,1,0
china-commission.gov,2,2,2,2,2,2,2,2,2,2,2,2
chinacommission.gov,2,2,2,2,2,2,2,2,2,2,2,2
csce.gov,0,0,1,1,1,0,1,1,0,1,1,0
democraticleader.gov,0,0,1,1,1,0,1,0,0,1,1,0
democraticwhip.gov,0,0,1,1,1,0,1,0,1,1,1,0
dems.gov,0,0,1,1,1,0,1,0,0,0,1,0
gop.gov,0,0,1,1,1,1,1,1,0,0,0,0
gopleader.gov,0,0,1,1,1,0,1,0,0,1,1,1
gopwhip.gov,0,0,1,1,1,1,1,1,0,1,1,0
house.gov,0,0,1,1,1,1,1,1,1,0,1,1
housecommunications.gov,0,0,1,1,1,0,1,0,1,0,0,0
housed.gov,2,2,2,2,2,2,2,2,2,2,2,2
housedemocrats.gov,0,0,1,1,1,0,1,0,0,0,1,0
housedems.gov,0,0,1,1,1,0,1,0,0,0,1,0
houselive.gov,2,2,2,2,2,2,2,2,2,2,2,2
housenewsletters.gov,2,2,2,2,2,2,2,2,2,2,2,2
jct.gov,0,0,1,1,1,0,1,0,1,0,0,0
majorityleader.gov,0,0,1,1,1,0,1,1,0,1,1,0
majoritywhip.gov,0,0,1,1,1,0,1,0,1,1,1,0
minoritywhip.gov,0,0,1,1,1,1,1,1,0,1,1,1
ppdcecc.gov,0,1,1,1,1,0,1,0,1,0,1,0
republicanleader.gov,0,0,1,1,1,1,1,1,0,1,1,1
republicans.gov,2,2,2,2,2,2,2,2,2,2,2,2
republicanwhip.gov,0,0,1,1,1,1,1,1,0,1,1,1
speaker.gov,0,0,1,1,1,1,1,0,0,1,1,0
taxreform.gov,2,2,2,2,2,2,2,2,2,2,2,2
america250.gov,0,0,1,1,1,1,1,0,0,0,0,0
usa250.gov,0,1,1,1,1,0,1,0,0,0,0,0
ussemiquincentennial.gov,0,0,1,1,1,1,1,0,0,0,0,0
uscc.gov,0,1,1,1,1,1,1,1,0,1,1,0
sen.gov,0,1,1,1,1,1,1,1,1,1,1,0
senate.gov,0,1,1,1,1,0,1,1,1,0,0,0
whdpc.gov,0,1,1,1,1,1,1,1,1,0,0,0
